Jerry Woods,05-27-87,Raleigh
Patton Perez,02-10-96,Fuquay Varina
Andy Palmer,01-23-82,Holly Springs
Danny Burger,12-07-78,Cary
Wes Bryant,08-05-77,Apex
Dusty Johns,02-17-77,Raleigh
Lee Trevor,08-21-92,Raleigh
Sergio Rose,04-21-87,Garner
Justin Garcia,08-14-94,Zebulon
Randy Fowler,04-11-84,Raleigh
Tom Casey,10-03-91,Morrisville
James Thomas,12-22-79,Durham
Jack Nickels,02-24-86,Chapell Hill
Joey Watson,06-11-94,Raleigh
Mark Leech,08-30-84,Apex
Russ Homey,11-17-96,Knightdale
Alex Rahm,04-08-77,Wake Forest
Jordan Speed,12-27-91,Raleigh
Jason Duffy,08-28-90,Apex
Liam Horse,10-02-84,Chapell Hill
Kevin Kissme,09-02-86,Garner
Bryan Harmony,01-16-89,Holly Springs
Matsu Hidey,10-25-94,Rolesville
Booth Koepka,04-03-86,Apex
Phil Mickey,03-19-93,Raleigh
Chaz Hoffman,07-29-81,Garner
Matty Kuch,01-21-81,Raleigh
Brendan Stool,01-05-85,Cary
Kyle Stands,09-17-87,Durham
Ashton Hadwin,08-10-95,Cary